{"type": "metrics", "dataset": "train", "precision": 1.0, "balanced_accuracy": 0.8936507936507936, "recall": 0.7873015873015873, "f1_score": 0.8809946714031972}
{"type": "metrics", "dataset": "test", "precision": 0.6635111876075731, "balanced_accuracy": 0.6746157112255657, "recall": 0.40451206715634835, "f1_score": 0.5026075619295959}
{"type": "cm_matrix", "dataset": "train", "true_0": {"predicted_0": 16228, "predicted_1": 0}, "true_1": {"predicted_0": 1005, "predicted_1": 3720}}
{"type": "cm_matrix", "dataset": "test", "true_0": {"predicted_0": 6682, "predicted_1": 391}, "true_1": {"predicted_0": 1135, "predicted_1": 771}}
